gene,model,pearson,best,feature0,feature0_importance,feature1,feature1_importance,feature2,feature2_importance,feature3,feature3_importance,feature4,feature4_importance,feature5,feature5_importance,feature6,feature6_importance,feature7,feature7_importance,feature8,feature8_importance,feature9,feature9_importance
BRD:BRD-K00003351-003-01-9,Core_omics,0.04903879367308722,False,ZBTB6_(10773)_RNAseq,0.027270512542238504,JUN_(3725)_RNAseq,0.02711306166665433,SCML1_(6322)_RNAseq,0.0237231317095737,RSPO2_(340419)_RNAseq,0.02365689513111512,PNPO_(55163)_RNAseq,0.02331240345685415,VAV2_(7410)_RNAseq,0.01862148126792216,TP53TG3_(24150)_CN,0.018253594566563388,TMEM65_(157378)_RNAseq,0.01818083739473044,FAM107B_(83641)_RNAseq,0.017648508885072092,LUM_(4060)_CN,0.017519347626438243
BRD:BRD-K00003351-003-01-9,DNA_based,0.0018518319037361321,False,TP53TG3_(24150)_CN,0.04733939513513179,TP53TG3D_(729264)_CN,0.033953891008372976,VMP1_(81671)_CN,0.033458116123017426,AMACR_(23600)_MutDrv,0.029352984965621564,NXT1_(29107)_CN,0.02662579128923576,SAFB_(6294)_MutDrv,0.02592333824861466,C17orf99_(100141515)_CN,0.025538053334172462,PDE2A_(5138)_MutDrv,0.023912630941179826,CDK12_(51755)_CN,0.023899751771050817,MIR6081_(102466518)_CN,0.023836685776252583
BRD:BRD-K00003351-003-01-9,Extended_omics,0.0553311518570762,True,MMRN1_(22915)_RNAseq,0.026019045607398664,REN_(5972)_RNAseq,0.013787741000979393,CEBPB_(1051)_RNAseq,0.013080784448723551,FOXE3_(2301)_RNAseq,0.01299604515691549,IARS1_(3376)_RNAseq,0.012405638067373194,CDKL5_(6792)_RNAseq,0.012083034523029123,DHRS12_(79758)_RNAseq,0.011669429123666579,MTDH_(92140)_RNAseq,0.01158899443462697,PMEPA1_(56937)_RNAseq,0.011524214523390369,SUSD2_(56241)_CN,0.011138269239282815
