v1,v2,weight,set
NRAS,MED1,0.13317342902626378,3
SOX10,KDM7A,0.1278002025347173,3
SOX10,KDM7A,0.9,2
MAP4K4,NRAS,0.59,2
MED1,SOX10,0.2,2
TNS2,SOX10,0.5,2
ANK1,BANK1,0.6,2
ANK1,NRAS,0.4,2
MED1,BANK1,0.6,2