v1,v2,weight,set
NRAS,SOX10,0.424,3
SOX10,NRAS,0.424,3
UNC93B1,TRIL,0.28800000000000003,3
TRIL,UNC93B1,0.28800000000000003,3
